ID,generated
TEST_0000,0.18902011
TEST_0001,0.21109305
TEST_0002,0.19185027
TEST_0003,0.23655477
TEST_0004,0.21673289
TEST_0005,0.2488155
TEST_0006,0.2008333
TEST_0007,0.30068028
TEST_0008,0.22429371
TEST_0009,0.19468774
TEST_0010,0.22123998
TEST_0011,0.19187765
TEST_0012,0.20067893
TEST_0013,0.22481887
TEST_0014,0.19697435
TEST_0015,0.17227148
TEST_0016,0.19378808
TEST_0017,0.26402965
TEST_0018,0.21795115
TEST_0019,0.20567556
TEST_0020,0.16932017
TEST_0021,0.2118548
TEST_0022,0.19180152
TEST_0023,0.18151976
TEST_0024,0.1816159
TEST_0025,0.17448707
TEST_0026,0.31612378
TEST_0027,0.24601144
TEST_0028,0.19379847
TEST_0029,0.19805655
TEST_0030,0.19115835
TEST_0031,0.23514442
TEST_0032,0.31421837
TEST_0033,0.19226329
TEST_0034,0.1839561
TEST_0035,0.18448511
TEST_0036,0.19274041
TEST_0037,0.20409621
TEST_0038,0.3605438
TEST_0039,0.19152616
TEST_0040,0.21565169
TEST_0041,0.20478544
TEST_0042,0.20264845
TEST_0043,0.24052364
TEST_0044,0.20314747
TEST_0045,0.18444371
TEST_0046,0.24265154
TEST_0047,0.30665317
TEST_0048,0.2137964
TEST_0049,0.37194955
TEST_0050,0.19214018
TEST_0051,0.52501583
TEST_0052,0.17461748
TEST_0053,0.7078198
TEST_0054,0.17816171
TEST_0055,0.19000964
TEST_0056,0.35201228
TEST_0057,0.22492456
TEST_0058,0.21477273
TEST_0059,0.1814285
TEST_0060,0.18776897
TEST_0061,0.19479385
TEST_0062,0.19792743
TEST_0063,0.1967052
TEST_0064,0.18354005
TEST_0065,0.20906577
TEST_0066,0.18567272
TEST_0067,0.17521968
TEST_0068,0.20678514
TEST_0069,0.19860248
TEST_0070,0.19307901
TEST_0071,0.19395007
TEST_0072,0.18292747
TEST_0073,0.19667374
TEST_0074,0.18702489
TEST_0075,0.18977544
TEST_0076,0.18599817
TEST_0077,0.191996
TEST_0078,0.1981756
TEST_0079,0.21091825
TEST_0080,0.19180094
TEST_0081,0.18771286
TEST_0082,0.21450372
TEST_0083,0.18713495
TEST_0084,0.18458676
TEST_0085,0.20977035
TEST_0086,0.18203507
TEST_0087,0.23169297
TEST_0088,0.3573271
TEST_0089,0.19813667
TEST_0090,0.4517666
TEST_0091,0.20390853
TEST_0092,0.20680043
TEST_0093,0.21759821
TEST_0094,0.292214
TEST_0095,0.2099041
TEST_0096,0.19186565
TEST_0097,0.16815947
TEST_0098,0.18713279
TEST_0099,0.20063925
TEST_0100,0.20970172
TEST_0101,0.16478075
TEST_0102,0.18772279
TEST_0103,0.1858335
TEST_0104,0.1726062
TEST_0105,0.20843448
TEST_0106,0.31101474
TEST_0107,0.34762463
TEST_0108,0.18519865
TEST_0109,0.17152166
TEST_0110,0.18922465
TEST_0111,0.18107484
TEST_0112,0.19766903
TEST_0113,0.24503817
TEST_0114,0.19969533
TEST_0115,0.16915314
TEST_0116,0.21053307
TEST_0117,0.16720016
TEST_0118,0.19658424
TEST_0119,0.18520811
TEST_0120,0.21821116
TEST_0121,0.16737098
TEST_0122,0.25022408
TEST_0123,0.28886706
TEST_0124,0.18486707
TEST_0125,0.34283373
TEST_0126,0.201341
TEST_0127,0.18444052
TEST_0128,0.19648042
TEST_0129,0.20705463
TEST_0130,0.17576618
TEST_0131,0.34109446
TEST_0132,0.20787592
TEST_0133,0.18540382
TEST_0134,0.19469671
TEST_0135,0.19226333
TEST_0136,0.18541507
TEST_0137,0.16624093
TEST_0138,0.18462692
TEST_0139,0.1715586
TEST_0140,0.1724174
TEST_0141,0.21535097
TEST_0142,0.25996166
TEST_0143,0.18466112
TEST_0144,0.18273427
TEST_0145,0.26657712
TEST_0146,0.18371722
TEST_0147,0.20729426
TEST_0148,0.17999323
TEST_0149,0.6462613
TEST_0150,0.9456147
TEST_0151,0.630677
TEST_0152,0.1825607
TEST_0153,0.5437697
TEST_0154,0.8118172
TEST_0155,0.2938266
TEST_0156,0.18336846
TEST_0157,0.20916049
TEST_0158,0.19548999
TEST_0159,0.1811691
TEST_0160,0.17226963
TEST_0161,0.24419959
TEST_0162,0.1668704
TEST_0163,0.15968534
TEST_0164,0.16175064
TEST_0165,0.17806107
TEST_0166,0.21686536
TEST_0167,0.17231862
TEST_0168,0.17645435
TEST_0169,0.26217306
TEST_0170,0.21862838
TEST_0171,0.28187922
TEST_0172,0.6440285
TEST_0173,0.16856736
TEST_0174,0.54053396
TEST_0175,0.15963513
TEST_0176,0.16401671
TEST_0177,0.1601378
TEST_0178,0.18055257
TEST_0179,0.19224714
TEST_0180,0.22046344
TEST_0181,0.19760408
TEST_0182,0.21178441
TEST_0183,0.23141557
TEST_0184,0.19125366
TEST_0185,0.20047435
TEST_0186,0.16948071
TEST_0187,0.18043002
TEST_0188,0.19476803
TEST_0189,0.1794117
TEST_0190,0.18944737
TEST_0191,0.18389615
TEST_0192,0.23439081
TEST_0193,0.18646666
TEST_0194,0.21164432
TEST_0195,0.17931275
TEST_0196,0.17376171
TEST_0197,0.18363506
TEST_0198,0.19283313
TEST_0199,0.21034954
TEST_0200,0.15939467
TEST_0201,0.19915968
TEST_0202,0.21509467
TEST_0203,0.19253764
TEST_0204,0.21952043
TEST_0205,0.19911766
TEST_0206,0.20755938
TEST_0207,0.17456762
TEST_0208,0.17876714
TEST_0209,0.24131894
TEST_0210,0.17788026
TEST_0211,0.17946854
TEST_0212,0.23756495
TEST_0213,0.25563648
TEST_0214,0.20518996
TEST_0215,0.29448974
TEST_0216,0.19385128
TEST_0217,0.20467745
TEST_0218,0.16049089
TEST_0219,0.19470192
TEST_0220,0.17253698
TEST_0221,0.20088933
TEST_0222,0.19922665
TEST_0223,0.17817937
TEST_0224,0.19979341
TEST_0225,0.1827952
TEST_0226,0.20628831
TEST_0227,0.2081637
TEST_0228,0.2506606
TEST_0229,0.17698412
TEST_0230,0.1773148
TEST_0231,0.21243519
TEST_0232,0.2803405
TEST_0233,0.20269108
TEST_0234,0.17722747
TEST_0235,0.18736081
TEST_0236,0.22038871
TEST_0237,0.18715473
TEST_0238,0.18238449
TEST_0239,0.17451097
TEST_0240,0.21320726
TEST_0241,0.18726607
TEST_0242,0.18755552
TEST_0243,0.18904111
TEST_0244,0.20258047
TEST_0245,0.18440287
TEST_0246,0.22183861
TEST_0247,0.21187803
TEST_0248,0.24198152
TEST_0249,0.18607464
TEST_0250,0.20482428
TEST_0251,0.20469905
TEST_0252,0.20131646
TEST_0253,0.20272641
TEST_0254,0.22654988
TEST_0255,0.19942188
TEST_0256,0.20051757
TEST_0257,0.24756022
TEST_0258,0.20669118
TEST_0259,0.19596338
TEST_0260,0.22994563
TEST_0261,0.19266397
TEST_0262,0.21444541
TEST_0263,0.23942254
TEST_0264,0.25294337
TEST_0265,0.21521601
TEST_0266,0.2432399
TEST_0267,0.18035044
TEST_0268,0.23267576
TEST_0269,0.17658678
TEST_0270,0.22919591
TEST_0271,0.17788745
TEST_0272,0.19269453
TEST_0273,0.19631444
TEST_0274,0.227147
TEST_0275,0.3430171
TEST_0276,0.2843412
TEST_0277,0.1809162
TEST_0278,0.18847117
TEST_0279,0.23740427
TEST_0280,0.2036032
TEST_0281,0.17362867
TEST_0282,0.17225806
TEST_0283,0.16523768
TEST_0284,0.22031099
TEST_0285,0.358851
TEST_0286,0.81227595
TEST_0287,0.20558283
TEST_0288,0.44963533
TEST_0289,0.4092661
TEST_0290,0.5582384
TEST_0291,0.21147381
TEST_0292,0.72230595
TEST_0293,0.2739132
TEST_0294,0.19349082
TEST_0295,0.1846088
TEST_0296,0.21236835
TEST_0297,0.18017183
TEST_0298,0.29103705
TEST_0299,0.91038394
TEST_0300,0.3490963
TEST_0301,0.87945396
TEST_0302,0.87253255
TEST_0303,0.28662077
TEST_0304,0.18477777
TEST_0305,0.28050193
TEST_0306,0.19453217
TEST_0307,0.9706898
TEST_0308,0.74292827
TEST_0309,0.77935886
TEST_0310,0.93514764
TEST_0311,0.42045113
TEST_0312,0.25733808
TEST_0313,0.54457664
TEST_0314,0.872148
TEST_0315,0.549758
TEST_0316,0.23389976
TEST_0317,0.6534383
TEST_0318,0.38640082
TEST_0319,0.19793998
TEST_0320,0.19849475
TEST_0321,0.6442897
TEST_0322,0.20000333
TEST_0323,0.17474917
TEST_0324,0.2104178
TEST_0325,0.17794114
TEST_0326,0.21161084
TEST_0327,0.3273363
TEST_0328,0.34410927
TEST_0329,0.25106528
TEST_0330,0.19328438
TEST_0331,0.17178228
TEST_0332,0.1984803
TEST_0333,0.21633598
TEST_0334,0.18817143
TEST_0335,0.17578992
TEST_0336,0.51892716
TEST_0337,0.19921412
TEST_0338,0.18008205
TEST_0339,0.18834563
TEST_0340,0.20531839
TEST_0341,0.3789911
TEST_0342,0.56124943
TEST_0343,0.4277142
TEST_0344,0.40185708
TEST_0345,0.6359047
TEST_0346,0.572763
TEST_0347,0.34054586
TEST_0348,0.40655777
TEST_0349,0.6690315
TEST_0350,0.76466215
TEST_0351,0.50408477
TEST_0352,0.5737664
TEST_0353,0.21797183
TEST_0354,0.19498903
TEST_0355,0.1935105
TEST_0356,0.27069625
TEST_0357,0.18237033
TEST_0358,0.18549241
TEST_0359,0.22614485
TEST_0360,0.21093957
TEST_0361,0.2393391
TEST_0362,0.17602739
TEST_0363,0.2687949
TEST_0364,0.19406827
TEST_0365,0.2133296
TEST_0366,0.23196636
TEST_0367,0.19337545
TEST_0368,0.18547378
TEST_0369,0.21198909
TEST_0370,0.18920255
TEST_0371,0.21550025
TEST_0372,0.21451457
TEST_0373,0.22227503
TEST_0374,0.20676175
TEST_0375,0.23734504
TEST_0376,0.29659578
TEST_0377,0.18170683
TEST_0378,0.1923245
TEST_0379,0.16353315
TEST_0380,0.2917347
TEST_0381,0.25274846
TEST_0382,0.24763611
TEST_0383,0.26471388
TEST_0384,0.28290945
TEST_0385,0.25913137
TEST_0386,0.16685392
TEST_0387,0.19699498
TEST_0388,0.18697906
TEST_0389,0.24805242
TEST_0390,0.18561128
TEST_0391,0.21803175
TEST_0392,0.21575207
TEST_0393,0.16030322
TEST_0394,0.2133676
TEST_0395,0.7603536
TEST_0396,0.22540301
TEST_0397,0.23384032
TEST_0398,0.18802713
TEST_0399,0.1999736
TEST_0400,0.25372684
TEST_0401,0.19861248
TEST_0402,0.22358829
TEST_0403,0.2149525
TEST_0404,0.21604066
TEST_0405,0.2028965
TEST_0406,0.23852554
TEST_0407,0.19422539
TEST_0408,0.19717981
TEST_0409,0.20400189
TEST_0410,0.1952979
TEST_0411,0.18718736
TEST_0412,0.20007835
TEST_0413,0.18284203
TEST_0414,0.21670647
TEST_0415,0.1857749
TEST_0416,0.18947095
TEST_0417,0.23693544
TEST_0418,0.21066883
TEST_0419,0.18053697
TEST_0420,0.25925842
TEST_0421,0.21034315
TEST_0422,0.22178493
TEST_0423,0.21044262
TEST_0424,0.18334621
TEST_0425,0.23116814
TEST_0426,0.18319008
TEST_0427,0.1867999
TEST_0428,0.19526647
TEST_0429,0.20531307
TEST_0430,0.20737746
TEST_0431,0.18869992
TEST_0432,0.1771382
TEST_0433,0.20486361
TEST_0434,0.19198278
TEST_0435,0.21736434
TEST_0436,0.270304
TEST_0437,0.8638043
TEST_0438,0.21279272
TEST_0439,0.33388025
TEST_0440,0.9375457
TEST_0441,0.23377778
TEST_0442,0.19127278
TEST_0443,0.2194488
TEST_0444,0.22953664
TEST_0445,0.20094703
TEST_0446,0.22368088
TEST_0447,0.28812978
TEST_0448,0.52091557
TEST_0449,0.24006979
TEST_0450,0.8296114
TEST_0451,0.20175995
TEST_0452,0.209267
TEST_0453,0.2547012
TEST_0454,0.38608208
TEST_0455,0.2769324
TEST_0456,0.1871958
TEST_0457,0.21094899
TEST_0458,0.18302318
TEST_0459,0.19078353
TEST_0460,0.22864255
TEST_0461,0.19890237
TEST_0462,0.23737544
TEST_0463,0.1708489
TEST_0464,0.21180047
TEST_0465,0.19080295
TEST_0466,0.27147868
TEST_0467,0.18277998
TEST_0468,0.19099358
TEST_0469,0.18051158
TEST_0470,0.26027644
TEST_0471,0.17980987
TEST_0472,0.2524738
TEST_0473,0.20046306
TEST_0474,0.23074159
TEST_0475,0.18229143
TEST_0476,0.18426785
TEST_0477,0.18783958
TEST_0478,0.19682224
TEST_0479,0.2454247
TEST_0480,0.193392
TEST_0481,0.23847224
TEST_0482,0.23317449
TEST_0483,0.20642929
TEST_0484,0.3506374
TEST_0485,0.19549534
TEST_0486,0.2210098
TEST_0487,0.19806817
TEST_0488,0.21926372
TEST_0489,0.21890979
TEST_0490,0.23478808
TEST_0491,0.18130478
TEST_0492,0.32219043
TEST_0493,0.26262406
TEST_0494,0.29470608
TEST_0495,0.24103014
TEST_0496,0.21951413
TEST_0497,0.1926234
TEST_0498,0.18356125
TEST_0499,0.22322491
TEST_0500,0.24958077
TEST_0501,0.3804518
TEST_0502,0.19219759
TEST_0503,0.22284354
TEST_0504,0.30190182
TEST_0505,0.27457845
TEST_0506,0.22895482
TEST_0507,0.20827451
TEST_0508,0.21658805
TEST_0509,0.31095123
TEST_0510,0.24014682
TEST_0511,0.18591563
TEST_0512,0.20592639
TEST_0513,0.1888296
TEST_0514,0.19226578
TEST_0515,0.19470352
TEST_0516,0.20910096
TEST_0517,0.3382104
TEST_0518,0.25237033
TEST_0519,0.18905525
TEST_0520,0.23245534
TEST_0521,0.20173219
TEST_0522,0.21604763
TEST_0523,0.23342422
TEST_0524,0.23307157
TEST_0525,0.23019195
TEST_0526,0.2112713
TEST_0527,0.23279168
TEST_0528,0.18820882
TEST_0529,0.21157248
TEST_0530,0.18551129
TEST_0531,0.19861802
TEST_0532,0.22290316
TEST_0533,0.2941865
TEST_0534,0.36373264
TEST_0535,0.21500902
TEST_0536,0.18455039
TEST_0537,0.18162595
TEST_0538,0.18644173
TEST_0539,0.18450359
TEST_0540,0.2039773
TEST_0541,0.256883
TEST_0542,0.25058997
TEST_0543,0.19179076
TEST_0544,0.1997156
TEST_0545,0.20045957
TEST_0546,0.20933959
TEST_0547,0.20645364
TEST_0548,0.26352918
TEST_0549,0.190685
TEST_0550,0.20430157
TEST_0551,0.24349035
TEST_0552,0.1683043
TEST_0553,0.20983802
TEST_0554,0.19454171
TEST_0555,0.18829814
TEST_0556,0.18547578
TEST_0557,0.19527027
TEST_0558,0.17054242
TEST_0559,0.18758039
TEST_0560,0.17983429
TEST_0561,0.19664611
TEST_0562,0.20087463
TEST_0563,0.1963966
TEST_0564,0.19881329
TEST_0565,0.26151052
TEST_0566,0.24867234
TEST_0567,0.21092755
TEST_0568,0.21156983
TEST_0569,0.2053654
TEST_0570,0.1989563
TEST_0571,0.19452958
TEST_0572,0.23218545
TEST_0573,0.1955956
TEST_0574,0.18041301
TEST_0575,0.18259986
TEST_0576,0.8421244
TEST_0577,0.19660722
TEST_0578,0.18939266
TEST_0579,0.23295483
TEST_0580,0.8640565
TEST_0581,0.17658038
TEST_0582,0.24422997
TEST_0583,0.44678813
TEST_0584,0.1814487
TEST_0585,0.18220891
TEST_0586,0.20967843
TEST_0587,0.21658142
TEST_0588,0.1931799
TEST_0589,0.24189033
TEST_0590,0.20265558
TEST_0591,0.23113225
TEST_0592,0.2119824
TEST_0593,0.22699465
TEST_0594,0.20712656
TEST_0595,0.45375687
TEST_0596,0.20319647
TEST_0597,0.18711343
TEST_0598,0.18545817
TEST_0599,0.22073588
TEST_0600,0.19965883
TEST_0601,0.18629007
TEST_0602,0.19077358
TEST_0603,0.20289095
TEST_0604,0.19258451
TEST_0605,0.20180336
TEST_0606,0.18529345
TEST_0607,0.21562353
TEST_0608,0.20710942
TEST_0609,0.17714885
TEST_0610,0.1955385
TEST_0611,0.22578174
TEST_0612,0.18718918
TEST_0613,0.18602067
TEST_0614,0.1789818
TEST_0615,0.18818727
TEST_0616,0.17811468
TEST_0617,0.2041145
TEST_0618,0.19164783
TEST_0619,0.19833785
TEST_0620,0.24519236
TEST_0621,0.19728565
TEST_0622,0.19303437
TEST_0623,0.18010046
TEST_0624,0.18793225
TEST_0625,0.18647988
TEST_0626,0.19467516
TEST_0627,0.21128535
TEST_0628,0.185116
TEST_0629,0.19034888
TEST_0630,0.23095195
TEST_0631,0.18290882
TEST_0632,0.22141956
TEST_0633,0.25440893
TEST_0634,0.18557458
TEST_0635,0.17571178
TEST_0636,0.17359154
TEST_0637,0.21921396
TEST_0638,0.17250115
TEST_0639,0.18369462
TEST_0640,0.18698968
TEST_0641,0.17121404
TEST_0642,0.18060216
TEST_0643,0.19056371
TEST_0644,0.18597643
TEST_0645,0.2043021
TEST_0646,0.18673949
TEST_0647,0.19970658
TEST_0648,0.20647262
TEST_0649,0.20202655
TEST_0650,0.18470642
TEST_0651,0.19113475
TEST_0652,0.20108502
TEST_0653,0.18515976
TEST_0654,0.18147884
TEST_0655,0.1833423
TEST_0656,0.17858729
TEST_0657,0.17469133
TEST_0658,0.19074996
TEST_0659,0.18019448
TEST_0660,0.1823035
TEST_0661,0.18492897
TEST_0662,0.20955606
TEST_0663,0.20212336
TEST_0664,0.21430415
TEST_0665,0.18822278
TEST_0666,0.18485138
TEST_0667,0.18226227
TEST_0668,0.18356064
TEST_0669,0.18828557
TEST_0670,0.21832998
TEST_0671,0.23759179
TEST_0672,0.19760773
TEST_0673,0.18700151
TEST_0674,0.20049432
TEST_0675,0.3379103
TEST_0676,0.17288353
TEST_0677,0.18506877
TEST_0678,0.1775057
TEST_0679,0.19253048
TEST_0680,0.25453427
TEST_0681,0.23527627
TEST_0682,0.263664
TEST_0683,0.20075288
TEST_0684,0.18846625
TEST_0685,0.19336425
TEST_0686,0.18741563
TEST_0687,0.24409406
TEST_0688,0.27242613
TEST_0689,0.19001643
TEST_0690,0.18544835
TEST_0691,0.19262949
TEST_0692,0.1957466
TEST_0693,0.18432899
TEST_0694,0.17450602
TEST_0695,0.1981024
TEST_0696,0.17968456
TEST_0697,0.20865928
TEST_0698,0.19728303
TEST_0699,0.18366787
TEST_0700,0.21349709
TEST_0701,0.18124637
TEST_0702,0.18724279
TEST_0703,0.18306893
TEST_0704,0.18894982
TEST_0705,0.19174439
TEST_0706,0.20351955
TEST_0707,0.22923832
TEST_0708,0.18604761
TEST_0709,0.27318683
TEST_0710,0.22682217
TEST_0711,0.29849195
TEST_0712,0.2807687
TEST_0713,0.21736531
TEST_0714,0.17961176
TEST_0715,0.22232679
TEST_0716,0.19761488
TEST_0717,0.2049359
TEST_0718,0.22221254
TEST_0719,0.1979093
TEST_0720,0.20206274
TEST_0721,0.2140313
TEST_0722,0.21700625
TEST_0723,0.2741104
TEST_0724,0.22727391
TEST_0725,0.26070884
TEST_0726,0.18841673
TEST_0727,0.22657155
TEST_0728,0.18951955
TEST_0729,0.19076236
TEST_0730,0.19744094
TEST_0731,0.1873531
TEST_0732,0.24089244
TEST_0733,0.24743935
TEST_0734,0.20763765
TEST_0735,0.2032263
TEST_0736,0.18674618
TEST_0737,0.18788998
TEST_0738,0.21800078
TEST_0739,0.29066867
TEST_0740,0.258325
TEST_0741,0.23215722
TEST_0742,0.22250737
TEST_0743,0.2520385
TEST_0744,0.21232414
TEST_0745,0.20654187
TEST_0746,0.19467784
TEST_0747,0.20180957
TEST_0748,0.22309801
TEST_0749,0.264564
TEST_0750,0.16553362
TEST_0751,0.18235037
TEST_0752,0.30165112
TEST_0753,0.22695352
TEST_0754,0.26165113
TEST_0755,0.19478819
TEST_0756,0.18404874
TEST_0757,0.25302237
TEST_0758,0.26243293
TEST_0759,0.20166591
TEST_0760,0.22721174
TEST_0761,0.2056896
TEST_0762,0.27812207
TEST_0763,0.20626722
TEST_0764,0.22319807
TEST_0765,0.23135296
TEST_0766,0.19930603
TEST_0767,0.20560493
TEST_0768,0.17613392
TEST_0769,0.20886143
TEST_0770,0.21051718
TEST_0771,0.18875687
TEST_0772,0.25549433
TEST_0773,0.19591632
TEST_0774,0.17895219
TEST_0775,0.2046971
TEST_0776,0.16432458
TEST_0777,0.18152994
TEST_0778,0.18762937
TEST_0779,0.16581972
TEST_0780,0.19728431
TEST_0781,0.25941116
TEST_0782,0.1808928
TEST_0783,0.18415011
TEST_0784,0.20846668
TEST_0785,0.19269444
TEST_0786,0.18145022
TEST_0787,0.19011447
TEST_0788,0.19262758
TEST_0789,0.17952508
TEST_0790,0.19263159
TEST_0791,0.2135764
TEST_0792,0.1850392
TEST_0793,0.19321838
TEST_0794,0.17216848
TEST_0795,0.1967607
TEST_0796,0.22125725
TEST_0797,0.21093291
TEST_0798,0.2590737
TEST_0799,0.2307187
TEST_0800,0.1984147
TEST_0801,0.19040027
TEST_0802,0.21837202
TEST_0803,0.25850043
TEST_0804,0.19464332
TEST_0805,0.20223242
TEST_0806,0.176752
TEST_0807,0.19020948
TEST_0808,0.17416778
TEST_0809,0.20041242
TEST_0810,0.22616455
TEST_0811,0.18675376
TEST_0812,0.39719814
TEST_0813,0.1787509
TEST_0814,0.2186012
TEST_0815,0.18623383
TEST_0816,0.18337868
TEST_0817,0.20048547
TEST_0818,0.24958347
TEST_0819,0.21156594
TEST_0820,0.22301953
TEST_0821,0.24167903
TEST_0822,0.19407603
TEST_0823,0.19567654
TEST_0824,0.18433714
TEST_0825,0.19882652
TEST_0826,0.18893594
TEST_0827,0.19760014
TEST_0828,0.2114599
TEST_0829,0.19280638
TEST_0830,0.20437121
TEST_0831,0.22167625
TEST_0832,0.19433485
TEST_0833,0.25555468
TEST_0834,0.25997108
TEST_0835,0.19462861
TEST_0836,0.21875574
TEST_0837,0.22287647
TEST_0838,0.19795997
TEST_0839,0.20246294
TEST_0840,0.24545622
TEST_0841,0.18878213
TEST_0842,0.2191313
TEST_0843,0.1947079
TEST_0844,0.21618108
TEST_0845,0.1940891
TEST_0846,0.20748708
TEST_0847,0.237008
TEST_0848,0.18290812
TEST_0849,0.21862695
TEST_0850,0.20472522
TEST_0851,0.23505089
TEST_0852,0.27955088
TEST_0853,0.17837685
TEST_0854,0.28023472
TEST_0855,0.19360003
TEST_0856,0.1842324
TEST_0857,0.18537368
TEST_0858,0.21556193
TEST_0859,0.2486324
TEST_0860,0.22505261
TEST_0861,0.18704195
TEST_0862,0.17676349
TEST_0863,0.22715639
TEST_0864,0.18258633
TEST_0865,0.23908849
TEST_0866,0.16877288
TEST_0867,0.22613545
TEST_0868,0.17739908
TEST_0869,0.2423899
TEST_0870,0.2149946
TEST_0871,0.2529714
TEST_0872,0.20002998
TEST_0873,0.17237434
TEST_0874,0.17473198
TEST_0875,0.21001753
TEST_0876,0.18755391
TEST_0877,0.22672802
TEST_0878,0.20382142
TEST_0879,0.22105475
TEST_0880,0.21020621
TEST_0881,0.18013841
TEST_0882,0.2592276
TEST_0883,0.20313433
TEST_0884,0.28238723
TEST_0885,0.18981533
TEST_0886,0.27253243
TEST_0887,0.18509777
TEST_0888,0.22535573
TEST_0889,0.26917496
TEST_0890,0.18822153
TEST_0891,0.2512143
TEST_0892,0.26101226
TEST_0893,0.30115664
TEST_0894,0.19062896
TEST_0895,0.21110155
TEST_0896,0.20047805
TEST_0897,0.25990608
TEST_0898,0.22300762
TEST_0899,0.20220022
TEST_0900,0.2299626
TEST_0901,0.17870691
TEST_0902,0.1929709
TEST_0903,0.23638536
TEST_0904,0.23826477
TEST_0905,0.19651212
TEST_0906,0.2051348
TEST_0907,0.19326138
TEST_0908,0.5104493
TEST_0909,0.17196855
TEST_0910,0.24032074
TEST_0911,0.17496733
TEST_0912,0.18355945
TEST_0913,0.19584577
TEST_0914,0.17532995
TEST_0915,0.17920415
TEST_0916,0.16561009
TEST_0917,0.4728479
TEST_0918,0.21742792
TEST_0919,0.19930173
TEST_0920,0.20839117
TEST_0921,0.19200066
TEST_0922,0.16585396
TEST_0923,0.19331214
TEST_0924,0.24222617
TEST_0925,0.19888116
TEST_0926,0.27845818
TEST_0927,0.2768649
TEST_0928,0.17940274
TEST_0929,0.19827518
TEST_0930,0.2718081
TEST_0931,0.56464523
TEST_0932,0.8841274
TEST_0933,0.18252394
TEST_0934,0.19714254
TEST_0935,0.19667539
TEST_0936,0.19444156
TEST_0937,0.24488112
TEST_0938,0.33238187
TEST_0939,0.2935805
TEST_0940,0.22759111
TEST_0941,0.21250533
TEST_0942,0.3439353
TEST_0943,0.21474966
TEST_0944,0.23603435
TEST_0945,0.21105641
TEST_0946,0.33675376
TEST_0947,0.2976778
TEST_0948,0.19227651
TEST_0949,0.22901303
TEST_0950,0.2421534
TEST_0951,0.21481863
TEST_0952,0.19085638
TEST_0953,0.18834822
TEST_0954,0.17932473
TEST_0955,0.19039972
TEST_0956,0.19264022
TEST_0957,0.20323864
TEST_0958,0.19569479
TEST_0959,0.23019025
TEST_0960,0.17896648
TEST_0961,0.21948673
TEST_0962,0.1916053
TEST_0963,0.18539003
TEST_0964,0.24794133
TEST_0965,0.20971756
TEST_0966,0.19765632
TEST_0967,0.18151696
TEST_0968,0.1936101
TEST_0969,0.19662574
TEST_0970,0.22998972
TEST_0971,0.17529698
TEST_0972,0.268975
TEST_0973,0.20954917
TEST_0974,0.20625737
TEST_0975,0.23059548
TEST_0976,0.2045557
TEST_0977,0.6313986
TEST_0978,0.1829615
TEST_0979,0.16619247
TEST_0980,0.5026046
TEST_0981,0.19044556
TEST_0982,0.2190523
TEST_0983,0.1594337
TEST_0984,0.17928699
TEST_0985,0.18250845
TEST_0986,0.2090731
TEST_0987,0.18443897
TEST_0988,0.20249003
TEST_0989,0.19158292
TEST_0990,0.19260457
TEST_0991,0.25906077
TEST_0992,0.22119378
TEST_0993,0.21704473
TEST_0994,0.2053024
TEST_0995,0.1775765
TEST_0996,0.18974353
TEST_0997,0.32362166
TEST_0998,0.33215436
TEST_0999,0.2259964
TEST_1000,0.24619834
TEST_1001,0.18602793
TEST_1002,0.20611785
TEST_1003,0.25107107
TEST_1004,0.288863
TEST_1005,0.19692455
TEST_1006,0.19419384
TEST_1007,0.27205926
TEST_1008,0.21855055
TEST_1009,0.23445193
TEST_1010,0.3424005
TEST_1011,0.225901
TEST_1012,0.21357916
TEST_1013,0.17885296
TEST_1014,0.17772041
TEST_1015,0.16963053
TEST_1016,0.2076335
TEST_1017,0.18091072
TEST_1018,0.19306557
TEST_1019,0.18613094
TEST_1020,0.19031668
TEST_1021,0.17664498
TEST_1022,0.19899572
TEST_1023,0.17437573
TEST_1024,0.18422915
TEST_1025,0.209089
TEST_1026,0.27888978
TEST_1027,0.20327674
TEST_1028,0.21347944
TEST_1029,0.26604673
TEST_1030,0.35868666
TEST_1031,0.2657024
TEST_1032,0.22737089
TEST_1033,0.18820895
TEST_1034,0.20943338
TEST_1035,0.21452719
TEST_1036,0.1995652
TEST_1037,0.26901436
TEST_1038,0.2391207
TEST_1039,0.17916903
TEST_1040,0.2281195
TEST_1041,0.17597191
TEST_1042,0.2043111
TEST_1043,0.23293407
TEST_1044,0.24034496
TEST_1045,0.23722419
TEST_1046,0.24408317
TEST_1047,0.27884808
TEST_1048,0.2206994
TEST_1049,0.24214207
TEST_1050,0.20932311
TEST_1051,0.19256042
TEST_1052,0.19038334
TEST_1053,0.20863052
TEST_1054,0.18243165
TEST_1055,0.19576359
TEST_1056,0.19802469
TEST_1057,0.18988854
TEST_1058,0.18136473
TEST_1059,0.23703855
TEST_1060,0.19755822
TEST_1061,0.22287826
TEST_1062,0.23131011
TEST_1063,0.23112006
TEST_1064,0.22054614
TEST_1065,0.19802333
TEST_1066,0.26496103
TEST_1067,0.17438294
TEST_1068,0.18739526
TEST_1069,0.17460087
TEST_1070,0.18186328
TEST_1071,0.22327471
TEST_1072,0.22660834
TEST_1073,0.27519572
TEST_1074,0.19411713
TEST_1075,0.16087916
TEST_1076,0.18605871
TEST_1077,0.15676711
TEST_1078,0.16323952
TEST_1079,0.17858335
TEST_1080,0.19036339
TEST_1081,0.18285084
TEST_1082,0.24408206
TEST_1083,0.25323012
TEST_1084,0.28055307
TEST_1085,0.27947807
TEST_1086,0.21308264
TEST_1087,0.23001389
TEST_1088,0.31404442
TEST_1089,0.913253
TEST_1090,0.23461385
TEST_1091,0.3046335
TEST_1092,0.2605907
TEST_1093,0.28790638
TEST_1094,0.27970317
TEST_1095,0.21323127
TEST_1096,0.25338978
TEST_1097,0.33844993
TEST_1098,0.25647518
TEST_1099,0.2722994
TEST_1100,0.8501331
TEST_1101,0.21086673
TEST_1102,0.26060668
TEST_1103,0.21053918
TEST_1104,0.2079491
TEST_1105,0.21420631
TEST_1106,0.24857551
TEST_1107,0.19563685
TEST_1108,0.22451848
TEST_1109,0.3094512
TEST_1110,0.20124696
TEST_1111,0.22491871
TEST_1112,0.19015762
TEST_1113,0.20869608
TEST_1114,0.20244804
TEST_1115,0.21670873
TEST_1116,0.18819052
TEST_1117,0.20999882
TEST_1118,0.19382377
TEST_1119,0.22243619
TEST_1120,0.21219349
TEST_1121,0.18842313
TEST_1122,0.21231696
TEST_1123,0.30234995
TEST_1124,0.20863208
TEST_1125,0.26436037
TEST_1126,0.21368538
TEST_1127,0.18914777
TEST_1128,0.24610348
TEST_1129,0.19281474
TEST_1130,0.18561678
TEST_1131,0.18699117
TEST_1132,0.20202541
TEST_1133,0.24621685
TEST_1134,0.2060098
TEST_1135,0.21218182
TEST_1136,0.25229588
TEST_1137,0.2170903
TEST_1138,0.19249354
TEST_1139,0.18862422
TEST_1140,0.20148584
TEST_1141,0.21410586
TEST_1142,0.21522392
TEST_1143,0.18955308
TEST_1144,0.18611743
TEST_1145,0.17819461
TEST_1146,0.17944257
TEST_1147,0.18773103
TEST_1148,0.25879103
TEST_1149,0.20923348
TEST_1150,0.18581027
TEST_1151,0.24100444
TEST_1152,0.22318882
TEST_1153,0.2337423
TEST_1154,0.22729163
TEST_1155,0.21565789
TEST_1156,0.2277167
TEST_1157,0.24583699
TEST_1158,0.20799842
TEST_1159,0.20377873
TEST_1160,0.21275951
TEST_1161,0.18382765
TEST_1162,0.16963403
TEST_1163,0.1936862
TEST_1164,0.23042409
TEST_1165,0.31279472
TEST_1166,0.228256
TEST_1167,0.19065161
TEST_1168,0.17708923
TEST_1169,0.1965223
TEST_1170,0.2677309
TEST_1171,0.2257355
TEST_1172,0.19654751
TEST_1173,0.25661537
TEST_1174,0.17805456
TEST_1175,0.2000729
TEST_1176,0.22209193
TEST_1177,0.25315127
TEST_1178,0.2358118
TEST_1179,0.25208738
TEST_1180,0.18901476
TEST_1181,0.19421507
TEST_1182,0.2697687
TEST_1183,0.25458103
TEST_1184,0.21803185
TEST_1185,0.18153705
TEST_1186,0.21849023
TEST_1187,0.29066128
TEST_1188,0.18999813
TEST_1189,0.18689898
TEST_1190,0.19125313
TEST_1191,0.16547084
TEST_1192,0.1790689
TEST_1193,0.19825886
TEST_1194,0.17597368
TEST_1195,0.19438292
TEST_1196,0.17368864
TEST_1197,0.23027086
TEST_1198,0.20699152
TEST_1199,0.2036459
TEST_1200,0.41155925
TEST_1201,0.24622984
TEST_1202,0.23190601
TEST_1203,0.2755413
TEST_1204,0.19458476
TEST_1205,0.30628428
TEST_1206,0.19434856
TEST_1207,0.18742523
TEST_1208,0.25157622
TEST_1209,0.18193555
TEST_1210,0.19962063
TEST_1211,0.35113156
TEST_1212,0.19488706
TEST_1213,0.18222028
TEST_1214,0.19935511
TEST_1215,0.2705305
TEST_1216,0.30307102
TEST_1217,0.26704887
TEST_1218,0.19410248
TEST_1219,0.18393606
TEST_1220,0.17941788
TEST_1221,0.23557569
TEST_1222,0.18271115
TEST_1223,0.25705883
TEST_1224,0.24498826
TEST_1225,0.21514326
TEST_1226,0.1988617
TEST_1227,0.2236789
TEST_1228,0.1965536
TEST_1229,0.28177452
TEST_1230,0.19605975
TEST_1231,0.2449604
TEST_1232,0.17680803
TEST_1233,0.21347597
TEST_1234,0.20774175
TEST_1235,0.19774611
TEST_1236,0.19728714
TEST_1237,0.24309067
TEST_1238,0.18404132
TEST_1239,0.18881486
TEST_1240,0.26132923
TEST_1241,0.20490493
TEST_1242,0.1899063
TEST_1243,0.2746691
TEST_1244,0.29455858
TEST_1245,0.2244788
TEST_1246,0.28616634
TEST_1247,0.19459803
TEST_1248,0.19446468
TEST_1249,0.19335201
TEST_1250,0.21556692
TEST_1251,0.19608496
TEST_1252,0.19297987
TEST_1253,0.23982766
TEST_1254,0.64122826
TEST_1255,0.1937785
TEST_1256,0.22558025
TEST_1257,0.26484257
TEST_1258,0.21043865
TEST_1259,0.17636487
TEST_1260,0.20018181
TEST_1261,0.17557874
TEST_1262,0.23824887
TEST_1263,0.16761582
TEST_1264,0.20362547
TEST_1265,0.1780208
TEST_1266,0.18184532
TEST_1267,0.22523202
TEST_1268,0.2514467
TEST_1269,0.19112772
TEST_1270,0.19931439
TEST_1271,0.20445988
TEST_1272,0.19638409
TEST_1273,0.21789145
TEST_1274,0.17978874
TEST_1275,0.18922852
TEST_1276,0.22426814
TEST_1277,0.16692986
TEST_1278,0.18415526
TEST_1279,0.18391363
TEST_1280,0.18248285
TEST_1281,0.2194178
TEST_1282,0.18827815
TEST_1283,0.24118207
TEST_1284,0.19162036
TEST_1285,0.22649048
TEST_1286,0.20080428
TEST_1287,0.19153325
TEST_1288,0.21266769
TEST_1289,0.2439463
TEST_1290,0.18985926
TEST_1291,0.22103444
TEST_1292,0.27008247
TEST_1293,0.21044259
TEST_1294,0.19338775
TEST_1295,0.17985396
TEST_1296,0.19551124
TEST_1297,0.20118648
TEST_1298,0.19374423
TEST_1299,0.19306031
TEST_1300,0.20054992
TEST_1301,0.31990272
TEST_1302,0.2522733
TEST_1303,0.37669462
TEST_1304,0.33595422
TEST_1305,0.3446872
TEST_1306,0.1973394
TEST_1307,0.2126835
TEST_1308,0.41266903
TEST_1309,0.21587864
TEST_1310,0.18343796
TEST_1311,0.21047044
TEST_1312,0.1917286
TEST_1313,0.22627667
TEST_1314,0.19859819
TEST_1315,0.30128866
TEST_1316,0.2067544
TEST_1317,0.2069615
TEST_1318,0.23216672
TEST_1319,0.26703814
TEST_1320,0.1858535
TEST_1321,0.8325853
TEST_1322,0.23434308
TEST_1323,0.24570727
TEST_1324,0.4155797
TEST_1325,0.23030455
TEST_1326,0.3136191
TEST_1327,0.24835256
TEST_1328,0.19302684
TEST_1329,0.24954382
TEST_1330,0.1821182
TEST_1331,0.82328796
TEST_1332,0.27515408
TEST_1333,0.19988053
TEST_1334,0.25878948
TEST_1335,0.23523696
TEST_1336,0.20134908
TEST_1337,0.19326909
TEST_1338,0.17748798
TEST_1339,0.2156611
TEST_1340,0.19416507
TEST_1341,0.23394601
TEST_1342,0.8630036
TEST_1343,0.20627579
TEST_1344,0.2743263
TEST_1345,0.314248
TEST_1346,0.20184372
TEST_1347,0.23752667
TEST_1348,0.20712774
TEST_1349,0.20407577
TEST_1350,0.16946162
TEST_1351,0.20102532
TEST_1352,0.19274716
TEST_1353,0.16734259
TEST_1354,0.23690143
TEST_1355,0.26241285
TEST_1356,0.23355985
TEST_1357,0.53944105
TEST_1358,0.94976485
TEST_1359,0.46496883
TEST_1360,0.46089852
TEST_1361,0.7259064
TEST_1362,0.51365924
TEST_1363,0.34474808
TEST_1364,0.19431506
TEST_1365,0.2472681
TEST_1366,0.17533305
TEST_1367,0.17968933
TEST_1368,0.17641471
TEST_1369,0.19132847
TEST_1370,0.21150391
TEST_1371,0.22135107
TEST_1372,0.2620471
TEST_1373,0.24472655
TEST_1374,0.22396883
TEST_1375,0.25990152
TEST_1376,0.22163971
TEST_1377,0.23502718
TEST_1378,0.1753091
TEST_1379,0.25111654
TEST_1380,0.25902322
TEST_1381,0.2879887
TEST_1382,0.21684752
TEST_1383,0.3245177
TEST_1384,0.24751787
TEST_1385,0.2809665
TEST_1386,0.20054473
TEST_1387,0.24973027
TEST_1388,0.27001017
TEST_1389,0.9223646
TEST_1390,0.22412546
TEST_1391,0.3115081
TEST_1392,0.21815471
TEST_1393,0.28660652
TEST_1394,0.29066008
TEST_1395,0.24210332
TEST_1396,0.18759608
TEST_1397,0.22769459
TEST_1398,0.25580648
TEST_1399,0.2611543
TEST_1400,0.19570754
TEST_1401,0.19328117
TEST_1402,0.24781759
TEST_1403,0.19337039
TEST_1404,0.20485333
TEST_1405,0.3396516
TEST_1406,0.3288104
TEST_1407,0.19393802
TEST_1408,0.23352809
TEST_1409,0.20760417
TEST_1410,0.18994196
TEST_1411,0.18621731
TEST_1412,0.24103986
TEST_1413,0.20794398
TEST_1414,0.28404617
TEST_1415,0.2760958
TEST_1416,0.19015384
TEST_1417,0.19071154
TEST_1418,0.18078494
TEST_1419,0.22076367
TEST_1420,0.18052912
TEST_1421,0.18117653
TEST_1422,0.17837149
TEST_1423,0.17225662
TEST_1424,0.1957285
TEST_1425,0.19320224
TEST_1426,0.21323706
TEST_1427,0.3070179
TEST_1428,0.24822137
TEST_1429,0.17712477
TEST_1430,0.19224228
TEST_1431,0.17816177
TEST_1432,0.1959905
TEST_1433,0.21667773
TEST_1434,0.20501551
TEST_1435,0.263653
TEST_1436,0.24056917
TEST_1437,0.20809673
TEST_1438,0.26043454
TEST_1439,0.19863358
TEST_1440,0.20282918
TEST_1441,0.2520789
TEST_1442,0.19356303
TEST_1443,0.21568425
TEST_1444,0.2307841
TEST_1445,0.2203018
TEST_1446,0.21081778
TEST_1447,0.23850814
TEST_1448,0.2604629
TEST_1449,0.18828161
TEST_1450,0.17131047
TEST_1451,0.20102367
TEST_1452,0.1840994
TEST_1453,0.20124942
TEST_1454,0.24481083
TEST_1455,0.20227848
TEST_1456,0.18514298
TEST_1457,0.24676725
TEST_1458,0.18726316
TEST_1459,0.20547247
TEST_1460,0.28066504
TEST_1461,0.20317061
TEST_1462,0.18584773
TEST_1463,0.21583267
TEST_1464,0.20939769
TEST_1465,0.24557662
TEST_1466,0.18860349
TEST_1467,0.18351
TEST_1468,0.22627121
TEST_1469,0.22379403
TEST_1470,0.2143357
TEST_1471,0.27952445
TEST_1472,0.20897926
TEST_1473,0.2228392
TEST_1474,0.30628356
TEST_1475,0.2129769
TEST_1476,0.19251445
TEST_1477,0.22531408
TEST_1478,0.24796881
TEST_1479,0.18043543
TEST_1480,0.1961012
TEST_1481,0.20357871
TEST_1482,0.19814864
TEST_1483,0.2432197
TEST_1484,0.21465316
TEST_1485,0.17952865
TEST_1486,0.17559542
TEST_1487,0.17014138
TEST_1488,0.17179385
TEST_1489,0.20294498
TEST_1490,0.23190235
TEST_1491,0.21800254
TEST_1492,0.35605866
TEST_1493,0.28023693
TEST_1494,0.33269778
TEST_1495,0.21405838
TEST_1496,0.18727253
TEST_1497,0.20226261
TEST_1498,0.18380547
TEST_1499,0.18187113
TEST_1500,0.1908931
TEST_1501,0.19996296
TEST_1502,0.17456438
TEST_1503,0.18988235
TEST_1504,0.18830682
TEST_1505,0.19735529
TEST_1506,0.19455671
TEST_1507,0.22246583
TEST_1508,0.5995215
TEST_1509,0.2494921
TEST_1510,0.28694916
TEST_1511,0.19302951
TEST_1512,0.2252697
TEST_1513,0.36068997
TEST_1514,0.17946441
TEST_1515,0.18652228
TEST_1516,0.20114574
TEST_1517,0.21039325
TEST_1518,0.20870928
TEST_1519,0.1800476
TEST_1520,0.19188018
TEST_1521,0.2099212
TEST_1522,0.16854103
TEST_1523,0.20821896
TEST_1524,0.2141635
TEST_1525,0.21097456
TEST_1526,0.19766457
TEST_1527,0.20543619
TEST_1528,0.1946998
TEST_1529,0.21298456
TEST_1530,0.2592791
TEST_1531,0.1971695
TEST_1532,0.25538522
TEST_1533,0.19141872
TEST_1534,0.19189376
TEST_1535,0.20031919
TEST_1536,0.21110919
TEST_1537,0.20236607
TEST_1538,0.19714393
TEST_1539,0.22031553
TEST_1540,0.20240498
TEST_1541,0.18004338
TEST_1542,0.21230899
TEST_1543,0.19137333
TEST_1544,0.1790276
TEST_1545,0.21268116
TEST_1546,0.20149085
TEST_1547,0.1634421
TEST_1548,0.19895273
TEST_1549,0.22444277
TEST_1550,0.22955865
TEST_1551,0.1964578
TEST_1552,0.18408796
TEST_1553,0.2301731
TEST_1554,0.21237311
TEST_1555,0.18839563
TEST_1556,0.19663368
TEST_1557,0.19561149
TEST_1558,0.17354527
TEST_1559,0.18360926
TEST_1560,0.18554208
TEST_1561,0.22342563
TEST_1562,0.18570009
TEST_1563,0.16959746
TEST_1564,0.18586718
TEST_1565,0.20001416
TEST_1566,0.18315114
TEST_1567,0.19913688
TEST_1568,0.2868883
TEST_1569,0.205546
TEST_1570,0.22040081
TEST_1571,0.18125398
TEST_1572,0.24990179
TEST_1573,0.34294134
TEST_1574,0.20952497
TEST_1575,0.18264009
TEST_1576,0.19153242
TEST_1577,0.22182532
TEST_1578,0.21243872
TEST_1579,0.24314407
TEST_1580,0.20931824
TEST_1581,0.18495356
TEST_1582,0.24965233
TEST_1583,0.19778447
TEST_1584,0.19602491
TEST_1585,0.22601227
TEST_1586,0.29021776
TEST_1587,0.25783336
TEST_1588,0.20027933
TEST_1589,0.2705431
TEST_1590,0.18109706
TEST_1591,0.18161766
TEST_1592,0.2059649
TEST_1593,0.17308691
TEST_1594,0.22340749
TEST_1595,0.22173671
TEST_1596,0.20520447
TEST_1597,0.20905124
TEST_1598,0.2176586
TEST_1599,0.20138782
TEST_1600,0.19257005
TEST_1601,0.21308261
TEST_1602,0.27967778
TEST_1603,0.19991346
TEST_1604,0.23834501
TEST_1605,0.20459281
TEST_1606,0.19157813
TEST_1607,0.18667637
TEST_1608,0.21589299
TEST_1609,0.23103419
TEST_1610,0.17811136
TEST_1611,0.20493555
TEST_1612,0.25105482
TEST_1613,0.22515069
TEST_1614,0.17608838
TEST_1615,0.20086184
TEST_1616,0.25748193
TEST_1617,0.26186582
TEST_1618,0.21589944
TEST_1619,0.22388713
TEST_1620,0.22297865
TEST_1621,0.22183718
TEST_1622,0.2692506
TEST_1623,0.19069256
TEST_1624,0.19255953
TEST_1625,0.20864175
TEST_1626,0.21365473
TEST_1627,0.18376008
TEST_1628,0.19930887
TEST_1629,0.2314975
TEST_1630,0.20499952
TEST_1631,0.18930481
TEST_1632,0.1853562
TEST_1633,0.18783668
TEST_1634,0.17683592
TEST_1635,0.19245817
TEST_1636,0.23543826
TEST_1637,0.2021675
TEST_1638,0.20077664
TEST_1639,0.18823616
TEST_1640,0.20427497
TEST_1641,0.2551483
TEST_1642,0.21242224
TEST_1643,0.23411492
TEST_1644,0.2495858
TEST_1645,0.20937307
TEST_1646,0.23296972
TEST_1647,0.18299882
TEST_1648,0.1960166
TEST_1649,0.21547008
TEST_1650,0.20314012
TEST_1651,0.18995002
TEST_1652,0.2811966
TEST_1653,0.2000299
TEST_1654,0.16998999
TEST_1655,0.17066813
TEST_1656,0.21818772
TEST_1657,0.27845022
TEST_1658,0.24277249
TEST_1659,0.21602173
TEST_1660,0.32721335
TEST_1661,0.23938803
TEST_1662,0.19343044
TEST_1663,0.25832984
TEST_1664,0.29598176
TEST_1665,0.22711737
TEST_1666,0.18773507
TEST_1667,0.21833366
TEST_1668,0.23376283
TEST_1669,0.2587083
TEST_1670,0.33005506
TEST_1671,0.44070995
TEST_1672,0.22533508
TEST_1673,0.18979886
TEST_1674,0.2617715
TEST_1675,0.20663293
TEST_1676,0.27195027
TEST_1677,0.20749024
TEST_1678,0.19771658
TEST_1679,0.21196535
TEST_1680,0.215146
TEST_1681,0.29598102
TEST_1682,0.18884808
TEST_1683,0.34676874
TEST_1684,0.24061742
TEST_1685,0.26666862
TEST_1686,0.63128155
TEST_1687,0.18304947
TEST_1688,0.19957882
TEST_1689,0.20670953
TEST_1690,0.20585087
TEST_1691,0.2210374
TEST_1692,0.22169614
TEST_1693,0.20662075
TEST_1694,0.21115331
TEST_1695,0.23331952
TEST_1696,0.1991583
TEST_1697,0.22730812
TEST_1698,0.33575657
TEST_1699,0.21159163
TEST_1700,0.19033542
TEST_1701,0.23102678
TEST_1702,0.20922212
TEST_1703,0.20235561
TEST_1704,0.18754819
TEST_1705,0.17180239
TEST_1706,0.1915632
TEST_1707,0.18067981
TEST_1708,0.18629195
TEST_1709,0.18672298
TEST_1710,0.20158593
TEST_1711,0.21076421
TEST_1712,0.59845585
TEST_1713,0.5717736
TEST_1714,0.8159353
TEST_1715,0.30104798
TEST_1716,0.4384546
TEST_1717,0.1689947
TEST_1718,0.19161752
TEST_1719,0.18977319
TEST_1720,0.2335461
TEST_1721,0.21557419
TEST_1722,0.18576127
TEST_1723,0.53554726
TEST_1724,0.19989164
TEST_1725,0.26909733
TEST_1726,0.18470693
TEST_1727,0.2118939
TEST_1728,0.19363937
TEST_1729,0.23403502
TEST_1730,0.21771139
TEST_1731,0.17747109
TEST_1732,0.20091718
TEST_1733,0.22931328
TEST_1734,0.29465765
TEST_1735,0.2286001
TEST_1736,0.20586763
TEST_1737,0.52950597
TEST_1738,0.43452647
TEST_1739,0.8309599
TEST_1740,0.57206273
TEST_1741,0.70178497
TEST_1742,0.2716504
TEST_1743,0.3020455
TEST_1744,0.34912845
TEST_1745,0.30563343
TEST_1746,0.24258666
TEST_1747,0.20099804
TEST_1748,0.2788291
TEST_1749,0.28366202
TEST_1750,0.22995472
TEST_1751,0.21364918
TEST_1752,0.19421121
TEST_1753,0.22516108
TEST_1754,0.5664581
TEST_1755,0.17333232
TEST_1756,0.26645452
TEST_1757,0.28066772
TEST_1758,0.28573576
TEST_1759,0.22763777
TEST_1760,0.2997259
TEST_1761,0.20622875
TEST_1762,0.20839864
TEST_1763,0.185984
TEST_1764,0.2209496
TEST_1765,0.20144829
TEST_1766,0.2382659
TEST_1767,0.21950893
TEST_1768,0.25796476
TEST_1769,0.20473863
TEST_1770,0.2719238
TEST_1771,0.23377754
TEST_1772,0.20365317
TEST_1773,0.1997088
TEST_1774,0.17496613
TEST_1775,0.23021756
TEST_1776,0.19455014
TEST_1777,0.21042114
TEST_1778,0.26495162
TEST_1779,0.19929221
TEST_1780,0.22431949
TEST_1781,0.22456166
TEST_1782,0.19865003
TEST_1783,0.17708431
TEST_1784,0.14581448
TEST_1785,0.31259292
TEST_1786,0.1724825
TEST_1787,0.17796813
TEST_1788,0.358704
TEST_1789,0.27610552
TEST_1790,0.56653816
TEST_1791,0.3532154
TEST_1792,0.54970384
TEST_1793,0.16966107
TEST_1794,0.24278839
TEST_1795,0.2543128
TEST_1796,0.22892657
TEST_1797,0.18153748
TEST_1798,0.19406399
TEST_1799,0.1919456
TEST_1800,0.261903
TEST_1801,0.28353155
TEST_1802,0.20860964
TEST_1803,0.18960635
TEST_1804,0.2100759
TEST_1805,0.20143251
TEST_1806,0.21928996
TEST_1807,0.87496525
TEST_1808,0.19012164
TEST_1809,0.23648961
TEST_1810,0.1835794
TEST_1811,0.30308738
TEST_1812,0.27462798
TEST_1813,0.20844728
TEST_1814,0.18896767
TEST_1815,0.26483467
TEST_1816,0.16315366
TEST_1817,0.23542592
TEST_1818,0.33806163
TEST_1819,0.21579427
TEST_1820,0.19422205
TEST_1821,0.18689923
TEST_1822,0.19355123
TEST_1823,0.2311891
TEST_1824,0.18648934
TEST_1825,0.25961447
TEST_1826,0.25528565
TEST_1827,0.19775097
TEST_1828,0.19652161
TEST_1829,0.19482282
TEST_1830,0.27534536
TEST_1831,0.56352067
TEST_1832,0.23383255
TEST_1833,0.21209234
TEST_1834,0.20313509
TEST_1835,0.26976207
TEST_1836,0.24715061
TEST_1837,0.22677106
TEST_1838,0.25599697
TEST_1839,0.20006867
TEST_1840,0.22356378
TEST_1841,0.18495186
TEST_1842,0.2586953
TEST_1843,0.20512885
TEST_1844,0.22958548
TEST_1845,0.3047814
TEST_1846,0.20471682
TEST_1847,0.2554404
TEST_1848,0.21485877
TEST_1849,0.30484754
TEST_1850,0.2790648
TEST_1851,0.30871314
TEST_1852,0.16570897
TEST_1853,0.19344598
TEST_1854,0.1974083
TEST_1855,0.2109725
TEST_1856,0.2276187
TEST_1857,0.21519335
TEST_1858,0.19853155
TEST_1859,0.21425651
TEST_1860,0.19783439
TEST_1861,0.2430599
TEST_1862,0.20149699
TEST_1863,0.20375435
TEST_1864,0.18177682
TEST_1865,0.18937235
TEST_1866,0.2349596
TEST_1867,0.24973638
TEST_1868,0.18532404
TEST_1869,0.26741248
TEST_1870,0.19065161
TEST_1871,0.19958873
TEST_1872,0.19938728
TEST_1873,0.22059311
TEST_1874,0.23989996
TEST_1875,0.31583357
TEST_1876,0.37831888
TEST_1877,0.25250354
TEST_1878,0.19720629
TEST_1879,0.21470334
TEST_1880,0.17704915
TEST_1881,0.2413031
TEST_1882,0.20597358
TEST_1883,0.22052096
TEST_1884,0.19120535
TEST_1885,0.19403829
TEST_1886,0.19935198
TEST_1887,0.21516266
TEST_1888,0.22966725
TEST_1889,0.24769482
TEST_1890,0.26540568
TEST_1891,0.28162453
TEST_1892,0.21996135
TEST_1893,0.23647697
TEST_1894,0.813224
TEST_1895,0.22755983
TEST_1896,0.40642872
TEST_1897,0.20942189
TEST_1898,0.24061613
TEST_1899,0.20998637
TEST_1900,0.300181
TEST_1901,0.20436233
TEST_1902,0.19282748
TEST_1903,0.26647842
TEST_1904,0.20639949
TEST_1905,0.23631884
TEST_1906,0.24670155
TEST_1907,0.575126
TEST_1908,0.22521947
TEST_1909,0.3118386
TEST_1910,0.24123739
TEST_1911,0.18948056
TEST_1912,0.21518835
TEST_1913,0.22582789
TEST_1914,0.20816514
TEST_1915,0.329967
TEST_1916,0.26050746
TEST_1917,0.90137756
TEST_1918,0.27934495
TEST_1919,0.55247223
TEST_1920,0.15427667
TEST_1921,0.93504524
TEST_1922,0.2017125
TEST_1923,0.18395148
TEST_1924,0.26456767
TEST_1925,0.23239526
TEST_1926,0.23610081
TEST_1927,0.29425132
TEST_1928,0.91474473
TEST_1929,0.22479573
TEST_1930,0.2233468
TEST_1931,0.26089516
TEST_1932,0.1644689
TEST_1933,0.18154064
TEST_1934,0.2000589
TEST_1935,0.1993809
TEST_1936,0.18847565
TEST_1937,0.19056126
TEST_1938,0.8564087
TEST_1939,0.17103839
TEST_1940,0.19066182
TEST_1941,0.4980317
TEST_1942,0.31753877
TEST_1943,0.20927781
TEST_1944,0.24152705
TEST_1945,0.2116964
TEST_1946,0.20966364
TEST_1947,0.186929
TEST_1948,0.19273111
TEST_1949,0.17038926
TEST_1950,0.20274499
TEST_1951,0.23306677
TEST_1952,0.20549114
TEST_1953,0.19377573
TEST_1954,0.19368562
TEST_1955,0.28706738
TEST_1956,0.17869657
TEST_1957,0.20833546
TEST_1958,0.23388961
TEST_1959,0.21947736
TEST_1960,0.18759115
TEST_1961,0.17324165
